Workbook

Sheet Controls
A1: Tesla Yard Split Plan
A3: Input / assumption | B3: Value
A4: Total yard spaces | B4: 10000
A5: Overflow reserve spaces | B5: 1000
A6: Priority / short-stay buffer spaces | B6: 500
A7: Destination-allocated spaces | B7: =B4-B5-B6 -> 8500
A8: One-way lane capacity (spaces) | B8: 50
A10: Derived metric | B10: Value
A11: Country extra spaces to distribute | B11: =B7-SUM(Country_Zones!E2:E12) -> 6
A12: Estimated destination lanes | B12: =SUM(City_Zones!M2:M169) -> 232
A13: Overflow lanes | B13: =ROUNDUP(B5/B8,0) -> 20
A14: Priority lanes | B14: =ROUNDUP(B6/B8,0) -> 10
A15: Total planned lanes | B15: =B12+B13+B14 -> 262
A17: Country allocation rule | B17: Proportional to hub count in uploaded destination list
A18: City allocation rule | B18: Weighted within each country: primary 2.0, secondary 1.25-1.5, standard 1.0
A19: Physical layout rule | B19: One-way lanes, parking both sides, 50 spaces per lane assumption

Sheet Country_Zones
A1: Country | B1: Hub Count | C1: Hub Share | D1: Exact Spaces | E1: Base Spaces | F1: Remainder | G1: Remainder Rank | H1: +1 Extra | I1: Final Country Spaces | J1: Est. Lanes @50
A2: United Kingdom | B2: 40 | C2: =B2/SUM($B$2:$B$12) -> 0.23809524 | D2: =C2*Controls!$B$7 -> 2023.8095 | E2: =INT(D2) -> 2023 | F2: =D2-E2 -> 0.80952381 | G2: =COUNTIF($F$2:$F$12,">"&F2)+COUNTIF($F$2:F2,F2) -> 2 | H2: =IF(G2<=Controls!$B$11,1,0) -> 1 | I2: =E2+H2 -> 2024 | J2: =ROUNDUP(I2/Controls!$B$8,0) -> 41 | L2: Method
A3: Germany | B3: 35 | C3: =B3/SUM($B$2:$B$12) -> 0.20833333 | D3: =C3*Controls!$B$7 -> 1770.8333 | E3: =INT(D3) -> 1770 | F3: =D3-E3 -> 0.83333333 | G3: =COUNTIF($F$2:$F$12,">"&F3)+COUNTIF($F$2:F3,F3) -> 1 | H3: =IF(G3<=Controls!$B$11,1,0) -> 1 | I3: =E3+H3 -> 1771 | J3: =ROUNDUP(I3/Controls!$B$8,0) -> 36 | L3: Baseline split = proportional to country hub count.
A4: France | B4: 27 | C4: =B4/SUM($B$2:$B$12) -> 0.16071429 | D4: =C4*Controls!$B$7 -> 1366.0714 | E4: =INT(D4) -> 1366 | F4: =D4-E4 -> 0.071428571 | G4: =COUNTIF($F$2:$F$12,">"&F4)+COUNTIF($F$2:F4,F4) -> 11 | H4: =IF(G4<=Controls!$B$11,1,0) -> 0 | I4: =E4+H4 -> 1366 | J4: =ROUNDUP(I4/Controls!$B$8,0) -> 28
A5: Spain | B5: 14 | C5: =B5/SUM($B$2:$B$12) -> 0.083333333 | D5: =C5*Controls!$B$7 -> 708.33333 | E5: =INT(D5) -> 708 | F5: =D5-E5 -> 0.33333333 | G5: =COUNTIF($F$2:$F$12,">"&F5)+COUNTIF($F$2:F5,F5) -> 9 | H5: =IF(G5<=Controls!$B$11,1,0) -> 0 | I5: =E5+H5 -> 708 | J5: =ROUNDUP(I5/Controls!$B$8,0) -> 15
A6: Netherlands | B6: 13 | C6: =B6/SUM($B$2:$B$12) -> 0.077380952 | D6: =C6*Controls!$B$7 -> 657.7381 | E6: =INT(D6) -> 657 | F6: =D6-E6 -> 0.73809524 | G6: =COUNTIF($F$2:$F$12,">"&F6)+COUNTIF($F$2:F6,F6) -> 5 | H6: =IF(G6<=Controls!$B$11,1,0) -> 1 | I6: =E6+H6 -> 658 | J6: =ROUNDUP(I6/Controls!$B$8,0) -> 14
A7: Switzerland | B7: 11 | C7: =B7/SUM($B$2:$B$12) -> 0.06547619 | D7: =C7*Controls!$B$7 -> 556.54762 | E7: =INT(D7) -> 556 | F7: =D7-E7 -> 0.54761905 | G7: =COUNTIF($F$2:$F$12,">"&F7)+COUNTIF($F$2:F7,F7) -> 7 | H7: =IF(G7<=Controls!$B$11,1,0) -> 0 | I7: =E7+H7 -> 556 | J7: =ROUNDUP(I7/Controls!$B$8,0) -> 12
A8: Austria | B8: 8 | C8: =B8/SUM($B$2:$B$12) -> 0.047619048 | D8: =C8*Controls!$B$7 -> 404.7619 | E8: =INT(D8) -> 404 | F8: =D8-E8 -> 0.76190476 | G8: =COUNTIF($F$2:$F$12,">"&F8)+COUNTIF($F$2:F8,F8) -> 4 | H8: =IF(G8<=Controls!$B$11,1,0) -> 1 | I8: =E8+H8 -> 405 | J8: =ROUNDUP(I8/Controls!$B$8,0) -> 9
A9: Denmark | B9: 7 | C9: =B9/SUM($B$2:$B$12) -> 0.041666667 | D9: =C9*Controls!$B$7 -> 354.16667 | E9: =INT(D9) -> 354 | F9: =D9-E9 -> 0.16666667 | G9: =COUNTIF($F$2:$F$12,">"&F9)+COUNTIF($F$2:F9,F9) -> 10 | H9: =IF(G9<=Controls!$B$11,1,0) -> 0 | I9: =E9+H9 -> 354 | J9: =ROUNDUP(I9/Controls!$B$8,0) -> 8
A10: Belgium | B10: 6 | C10: =B10/SUM($B$2:$B$12) -> 0.035714286 | D10: =C10*Controls!$B$7 -> 303.57143 | E10: =INT(D10) -> 303 | F10: =D10-E10 -> 0.57142857 | G10: =COUNTIF($F$2:$F$12,">"&F10)+COUNTIF($F$2:F10,F10) -> 6 | H10: =IF(G10<=Controls!$B$11,1,0) -> 1 | I10: =E10+H10 -> 304 | J10: =ROUNDUP(I10/Controls!$B$8,0) -> 7
A11: Finland | B11: 4 | C11: =B11/SUM($B$2:$B$12) -> 0.023809524 | D11: =C11*Controls!$B$7 -> 202.38095 | E11: =INT(D11) -> 202 | F11: =D11-E11 -> 0.38095238 | G11: =COUNTIF($F$2:$F$12,">"&F11)+COUNTIF($F$2:F11,F11) -> 8 | H11: =IF(G11<=Controls!$B$11,1,0) -> 0 | I11: =E11+H11 -> 202 | J11: =ROUNDUP(I11/Controls!$B$8,0) -> 5
A12: Ireland | B12: 3 | C12: =B12/SUM($B$2:$B$12) -> 0.017857143 | D12: =C12*Controls!$B$7 -> 151.78571 | E12: =INT(D12) -> 151 | F12: =D12-E12 -> 0.78571429 | G12: =COUNTIF($F$2:$F$12,">"&F12)+COUNTIF($F$2:F12,F12) -> 3 | H12: =IF(G12<=Controls!$B$11,1,0) -> 1 | I12: =E12+H12 -> 152 | J12: =ROUNDUP(I12/Controls!$B$8,0) -> 4
A13: TOTAL | B13: =SUM(B2:B12) -> 168 | C13: =SUM(C2:C12) -> 1 | D13: =SUM(D2:D12) -> 8500 | E13: =SUM(E2:E12) -> 8494 | H13: =SUM(H2:H12) -> 6 | I13: =SUM(I2:I12) -> 8500 | J13: =SUM(J2:J12) -> 179

Sheet City_Zones
A1: Country | B1: City / Hub | C1: Hub Tier | D1: Weight | E1: Country Spaces | F1: Weight Sum in Country | G1: Exact City Spaces | H1: Base Spaces | I1: Remainder | J1: Remainder Rank | K1: Extra Spaces in Country | L1: Final City Spaces | M1: Est. Lanes @50
A2: Austria | B2: Dornbirn | C2: Standard | D2: 1 | E2: =INDEX(Country_Zones!$I$2:$I$12,MATCH(A2,Country_Zones!$A$2:$A$12,0)) -> 405 | F2: =SUMIF($A$2:$A$169,A2,$D$2:$D$169) -> 11 | G2: =E2*(D2/F2) -> 36.818182 | H2: =INT(G2) -> 36 | I2: =G2-H2 -> 0.81818182 | J2: =COUNTIFS($A$2:$A$169,A2,$I$2:$I$169,">"&I2)+COUNTIFS($A$2:A2,A2,$I$2:I2,I2) -> 1 | K2: =E2-SUMIF($A$2:$A$169,A2,$H$2:$H$169) -> 4 | L2: =H2+IF(J2<=K2,1,0) -> 37 | M2: =ROUNDUP(L2/Controls!$B$8,0) -> 1 | O2: Tier rules
A3: Austria | B3: Graz | C3: Secondary | D3: 1.5 | E3: =INDEX(Country_Zones!$I$2:$I$12,MATCH(A3,Country_Zones!$A$2:$A$12,0)) -> 405 | F3: =SUMIF($A$2:$A$169,A3,$D$2:$D$169) -> 11 | G3: =E3*(D3/F3) -> 55.227273 | H3: =INT(G3) -> 55 | I3: =G3-H3 -> 0.22727273 | J3: =COUNTIFS($A$2:$A$169,A3,$I$2:$I$169,">"&I3)+COUNTIFS($A$2:A3,A3,$I$2:I3,I3) -> 5 | K3: =E3-SUMIF($A$2:$A$169,A3,$H$2:$H$169) -> 4 | L3: =H3+IF(J3<=K3,1,0) -> 55 | M3: =ROUNDUP(L3/Controls!$B$8,0) -> 2 | O3: Primary = capital / main metro proxy (2.0)
A4: Austria | B4: Innsbruck | C4: Secondary | D4: 1.5 | E4: =INDEX(Country_Zones!$I$2:$I$12,MATCH(A4,Country_Zones!$A$2:$A$12,0)) -> 405 | F4: =SUMIF($A$2:$A$169,A4,$D$2:$D$169) -> 11 | G4: =E4*(D4/F4) -> 55.227273 | H4: =INT(G4) -> 55 | I4: =G4-H4 -> 0.22727273 | J4: =COUNTIFS($A$2:$A$169,A4,$I$2:$I$169,">"&I4)+COUNTIFS($A$2:A4,A4,$I$2:I4,I4) -> 6 | K4: =E4-SUMIF($A$2:$A$169,A4,$H$2:$H$169) -> 4 | L4: =H4+IF(J4<=K4,1,0) -> 55 | M4: =ROUNDUP(L4/Controls!$B$8,0) -> 2 | O4: Secondary = major regional metro (1.25-1.5)
A5: Austria | B5: Klagenfurt am Wörthersee | C5: Standard | D5: 1 | E5: =INDEX(Country_Zones!$I$2:$I$12,MATCH(A5,Country_Zones!$A$2:$A$12,0)) -> 405 | F5: =SUMIF($A$2:$A$169,A5,$D$2:$D$169) -> 11 | G5: =E5*(D5/F5) -> 36.818182 | H5: =INT(G5) -> 36 | I5: =G5-H5 -> 0.81818182 | J5: =COUNTIFS($A$2:$A$169,A5,$I$2:$I$169,">"&I5)+COUNTIFS($A$2:A5,A5,$I$2:I5,I5) -> 2 | K5: =E5-SUMIF($A$2:$A$169,A5,$H$2:$H$169) -> 4 | L5: =H5+IF(J5<=K5,1,0) -> 37 | M5: =ROUNDUP(L5/Controls!$B$8,0) -> 1 | O5: Standard = all other hubs (1.0)
A6: Austria | B6: Linz | C6: Secondary | D6: 1.5 | E6: =INDEX(Country_Zones!$I$2:$I$12,MATCH(A6,Country_Zones!$A$2:$A$12,0)) -> 405 | F6: =SUMIF($A$2:$A$169,A6,$D$2:$D$169) -> 11 | G6: =E6*(D6/F6) -> 55.227273 | H6: =INT(G6) -> 55 | I6: =G6-H6 -> 0.22727273 | J6: =COUNTIFS($A$2:$A$169,A6,$I$2:$I$169,">"&I6)+COUNTIFS($A$2:A6,A6,$I$2:I6,I6) -> 7 | K6: =E6-SUMIF($A$2:$A$169,A6,$H$2:$H$169) -> 4 | L6: =H6+IF(J6<=K6,1,0) -> 55 | M6: =ROUNDUP(L6/Controls!$B$8,0) -> 2
A7: Austria | B7: Salzburg | C7: Secondary | D7: 1.5 | E7: =INDEX(Country_Zones!$I$2:$I$12,MATCH(A7,Country_Zones!$A$2:$A$12,0)) -> 405 | F7: =SUMIF($A$2:$A$169,A7,$D$2:$D$169) -> 11 | G7: =E7*(D7/F7) -> 55.227273 | H7: =INT(G7) -> 55 | I7: =G7-H7 -> 0.22727273 | J7: =COUNTIFS($A$2:$A$169,A7,$I$2:$I$169,">"&I7)+COUNTIFS($A$2:A7,A7,$I$2:I7,I7) -> 8 | K7: =E7-SUMIF($A$2:$A$169,A7,$H$2:$H$169) -> 4 | L7: =H7+IF(J7<=K7,1,0) -> 55 | M7: =ROUNDUP(L7/Controls!$B$8,0) -> 2
A8: Austria | B8: Sankt Pölten | C8: Standard | D8: 1 | E8: =INDEX(Country_Zones!$I$2:$I$12,MATCH(A8,Country_Zones!$A$2:$A$12,0)) -> 405 | F8: =SUMIF($A$2:$A$169,A8,$D$2:$D$169) -> 11 | G8: =E8*(D8/F8) -> 36.818182 | H8: =INT(G8) -> 36 | I8: =G8-H8 -> 0.81818182 | J8: =COUNTIFS($A$2:$A$169,A8,$I$2:$I$169,">"&I8)+COUNTIFS($A$2:A8,A8,$I$2:I8,I8) -> 3 | K8: =E8-SUMIF($A$2:$A$169,A8,$H$2:$H$169) -> 4 | L8: =H8+IF(J8<=K8,1,0) -> 37 | M8: =ROUNDUP(L8/Controls!$B$8,0) -> 1
A9: Austria | B9: Vienna | C9: Primary | D9: 2 | E9: =INDEX(Country_Zones!$I$2:$I$12,MATCH(A9,Country_Zones!$A$2:$A$12,0)) -> 405 | F9: =SUMIF($A$2:$A$169,A9,$D$2:$D$169) -> 11 | G9: =E9*(D9/F9) -> 73.636364 | H9: =INT(G9) -> 73 | I9: =G9-H9 -> 0.63636364 | J9: =COUNTIFS($A$2:$A$169,A9,$I$2:$I$169,">"&I9)+COUNTIFS($A$2:A9,A9,$I$2:I9,I9) -> 4 | K9: =E9-SUMIF($A$2:$A$169,A9,$H$2:$H$169) -> 4 | L9: =H9+IF(J9<=K9,1,0) -> 74 | M9: =ROUNDUP(L9/Controls!$B$8,0) -> 2
A10: Belgium | B10: Antwerp | C10: Secondary | D10: 1.5 | E10: =INDEX(Country_Zones!$I$2:$I$12,MATCH(A10,Country_Zones!$A$2:$A$12,0)) -> 304 | F10: =SUMIF($A$2:$A$169,A10,$D$2:$D$169) -> 8.5 | G10: =E10*(D10/F10) -> 53.647059 | H10: =INT(G10) -> 53 | I10: =G10-H10 -> 0.64705882 | J10: =COUNTIFS($A$2:$A$169,A10,$I$2:$I$169,">"&I10)+COUNTIFS($A$2:A10,A10,$I$2:I10,I10) -> 3 | K10: =E10-SUMIF($A$2:$A$169,A10,$H$2:$H$169) -> 4 | L10: =H10+IF(J10<=K10,1,0) -> 54 | M10: =ROUNDUP(L10/Controls!$B$8,0) -> 2
A11: Belgium | B11: Bruges | C11: Standard | D11: 1 | E11: =INDEX(Country_Zones!$I$2:$I$12,MATCH(A11,Country_Zones!$A$2:$A$12,0)) -> 304 | F11: =SUMIF($A$2:$A$169,A11,$D$2:$D$169) -> 8.5 | G11: =E11*(D11/F11) -> 35.764706 | H11: =INT(G11) -> 35 | I11: =G11-H11 -> 0.76470588 | J11: =COUNTIFS($A$2:$A$169,A11,$I$2:$I$169,">"&I11)+COUNTIFS($A$2:A11,A11,$I$2:I11,I11) -> 1 | K11: =E11-SUMIF($A$2:$A$169,A11,$H$2:$H$169) -> 4 | L11: =H11+IF(J11<=K11,1,0) -> 36 | M11: =ROUNDUP(L11/Controls!$B$8,0) -> 1
A12: Belgium | B12: Brussels | C12: Primary | D12: 2 | E12: =INDEX(Country_Zones!$I$2:$I$12,MATCH(A12,Country_Zones!$A$2:$A$12,0)) -> 304 | F12: =SUMIF($A$2:$A$169,A12,$D$2:$D$169) -> 8.5 | G12: =E12*(D12/F12) -> 71.529412 | H12: =INT(G12) -> 71 | I12: =G12-H12 -> 0.52941176 | J12: =COUNTIFS($A$2:$A$169,A12,$I$2:$I$169,">"&I12)+COUNTIFS($A$2:A12,A12,$I$2:I12,I12) -> 6 | K12: =E12-SUMIF($A$2:$A$169,A12,$H$2:$H$169) -> 4 | L12: =H12+IF(J12<=K12,1,0) -> 71 | M12: =ROUNDUP(L12/Controls!$B$8,0) -> 2
A13: Belgium | B13: Ghent | C13: Secondary | D13: 1.5 | E13: =INDEX(Country_Zones!$I$2:$I$12,MATCH(A13,Country_Zones!$A$2:$A$12,0)) -> 304 | F13: =SUMIF($A$2:$A$169,A13,$D$2:$D$169) -> 8.5 | G13: =E13*(D13/F13) -> 53.647059 | H13: =INT(G13) -> 53 | I13: =G13-H13 -> 0.64705882 | J13: =COUNTIFS($A$2:$A$169,A13,$I$2:$I$169,">"&I13)+COUNTIFS($A$2:A13,A13,$I$2:I13,I13) -> 4 | K13: =E13-SUMIF($A$2:$A$169,A13,$H$2:$H$169) -> 4 | L13: =H13+IF(J13<=K13,1,0) -> 54 | M13: =ROUNDUP(L13/Controls!$B$8,0) -> 2
A14: Belgium | B14: Hasselt | C14: Standard | D14: 1 | E14: =INDEX(Country_Zones!$I$2:$I$12,MATCH(A14,Country_Zones!$A$2:$A$12,0)) -> 304 | F14: =SUMIF($A$2:$A$169,A14,$D$2:$D$169) -> 8.5 | G14: =E14*(D14/F14) -> 35.764706 | H14: =INT(G14) -> 35 | I14: =G14-H14 -> 0.76470588 | J14: =COUNTIFS($A$2:$A$169,A14,$I$2:$I$169,">"&I14)+COUNTIFS($A$2:A14,A14,$I$2:I14,I14) -> 2 | K14: =E14-SUMIF($A$2:$A$169,A14,$H$2:$H$169) -> 4 | L14: =H14+IF(J14<=K14,1,0) -> 36 | M14: =ROUNDUP(L14/Controls!$B$8,0) -> 1
A15: Belgium | B15: Liège | C15: Secondary | D15: 1.5 | E15: =INDEX(Country_Zones!$I$2:$I$12,MATCH(A15,Country_Zones!$A$2:$A$12,0)) -> 304 | F15: =SUMIF($A$2:$A$169,A15,$D$2:$D$169) -> 8.5 | G15: =E15*(D15/F15) -> 53.647059 | H15: =INT(G15) -> 53 | I15: =G15-H15 -> 0.64705882 | J15: =COUNTIFS($A$2:$A$169,A15,$I$2:$I$169,">"&I15)+COUNTIFS($A$2:A15,A15,$I$2:I15,I15) -> 5 | K15: =E15-SUMIF($A$2:$A$169,A15,$H$2:$H$169) -> 4 | L15: =H15+IF(J15<=K15,1,0) -> 53 | M15: =ROUNDUP(L15/Controls!$B$8,0) -> 2
A16: Denmark | B16: Aalborg | C16: Standard | D16: 1 | E16: =INDEX(Country_Zones!$I$2:$I$12,MATCH(A16,Country_Zones!$A$2:$A$12,0)) -> 354 | F16: =SUMIF($A$2:$A$169,A16,$D$2:$D$169) -> 9.5 | G16: =E16*(D16/F16) -> 37.263158 | H16: =INT(G16) -> 37 | I16: =G16-H16 -> 0.26315789 | J16: =COUNTIFS($A$2:$A$169,A16,$I$2:$I$169,">"&I16)+COUNTIFS($A$2:A16,A16,$I$2:I16,I16) -> 6 | K16: =E16-SUMIF($A$2:$A$169,A16,$H$2:$H$169) -> 4 | L16: =H16+IF(J16<=K16,1,0) -> 37 | M16: =ROUNDUP(L16/Controls!$B$8,0) -> 1
A17: Denmark | B17: Aarhus | C17: Secondary | D17: 1.5 | E17: =INDEX(Country_Zones!$I$2:$I$12,MATCH(A17,Country_Zones!$A$2:$A$12,0)) -> 354 | F17: =SUMIF($A$2:$A$169,A17,$D$2:$D$169) -> 9.5 | G17: =E17*(D17/F17) -> 55.894737 | H17: =INT(G17) -> 55 | I17: =G17-H17 -> 0.89473684 | J17: =COUNTIFS($A$2:$A$169,A17,$I$2:$I$169,">"&I17)+COUNTIFS($A$2:A17,A17,$I$2:I17,I17) -> 1 | K17: =E17-SUMIF($A$2:$A$169,A17,$H$2:$H$169) -> 4 | L17: =H17+IF(J17<=K17,1,0) -> 56 | M17: =ROUNDUP(L17/Controls!$B$8,0) -> 2
... A169: United Kingdom | B169: Wolverhampton | C169: Standard | D169: 1 | E169: =INDEX(Country_Zones!$I$2:$I$12,MATCH(A169,Country_Zones!$A$2:$A$12,0)) -> 2024 | F169: =SUMIF($A$2:$A$169,A169,$D$2:$D$169) -> 45 | G169: =E169*(D169/F169) -> 44.977778 | H169: =INT(G169) -> 44 | I169: =G169-H169 -> 0.97777778 | J169: =COUNTIFS($A$2:$A$169,A169,$I$2:$I$169,">"&I169)+COUNTIFS($A$2:A169,A169,$I$2:I169,I169) -> 28 | K169: =E169-SUMIF($A$2:$A$169,A169,$H$2:$H$169) -> 32 | L169: =H169+IF(J169<=K169,1,0) -> 45 | M169: =ROUNDUP(L169/Controls!$B$8,0) -> 1
A170: TOTAL | D170: =SUM(D2:D169) -> 205.25 | G170: =SUM(G2:G169) -> 8500 | H170: =SUM(H2:H169) -> 8405 | L170: =SUM(L2:L169) -> 8500 | M170: =SUM(M2:M169) -> 232

Sheet Lane_Plan
A1: Lane ID | B1: Zone Type | C1: Country | D1: City / Hub | E1: Lane Sequence | F1: Target Spaces
A2: AT-VIEN-01 | B2: Destination | C2: Austria | D2: Vienna | E2: 1 | F2: 50
A3: AT-VIEN-02 | B3: Destination | C3: Austria | D3: Vienna | E3: 2 | F3: 24
A4: AT-GRAZ-01 | B4: Destination | C4: Austria | D4: Graz | E4: 1 | F4: 50
A5: AT-GRAZ-02 | B5: Destination | C5: Austria | D5: Graz | E5: 2 | F5: 5
A6: AT-INNS-01 | B6: Destination | C6: Austria | D6: Innsbruck | E6: 1 | F6: 50
A7: AT-INNS-02 | B7: Destination | C7: Austria | D7: Innsbruck | E7: 2 | F7: 5
A8: AT-LINZ-01 | B8: Destination | C8: Austria | D8: Linz | E8: 1 | F8: 50
A9: AT-LINZ-02 | B9: Destination | C9: Austria | D9: Linz | E9: 2 | F9: 5
A10: AT-SALZ-01 | B10: Destination | C10: Austria | D10: Salzburg | E10: 1 | F10: 50
A11: AT-SALZ-02 | B11: Destination | C11: Austria | D11: Salzburg | E11: 2 | F11: 5
A12: AT-DORN-01 | B12: Destination | C12: Austria | D12: Dornbirn | E12: 1 | F12: 37
A13: AT-KLAG-01 | B13: Destination | C13: Austria | D13: Klagenfurt am Wörthersee | E13: 1 | F13: 37
... A233: UK-WOLV-01 | B233: Destination | C233: United Kingdom | D233: Wolverhampton | E233: 1 | F233: 45
A234: OVR-01 | B234: Overflow Reserve | E234: 1 | F234: 50
A235: OVR-02 | B235: Overflow Reserve | E235: 2 | F235: 50
A236: OVR-03 | B236: Overflow Reserve | E236: 3 | F236: 50
A237: OVR-04 | B237: Overflow Reserve | E237: 4 | F237: 50
A238: OVR-05 | B238: Overflow Reserve | E238: 5 | F238: 50
A239: OVR-06 | B239: Overflow Reserve | E239: 6 | F239: 50
A240: OVR-07 | B240: Overflow Reserve | E240: 7 | F240: 50
A241: OVR-08 | B241: Overflow Reserve | E241: 8 | F241: 50
A242: OVR-09 | B242: Overflow Reserve | E242: 9 | F242: 50
A243: OVR-10 | B243: Overflow Reserve | E243: 10 | F243: 50
A244: OVR-11 | B244: Overflow Reserve | E244: 11 | F244: 50
A245: OVR-12 | B245: Overflow Reserve | E245: 12 | F245: 50
... A263: PRI-10 | B263: Priority Buffer | E263: 10 | F263: 50
A264: TOTAL | F264: =SUM(F2:F263) -> 10000

Sheet Destination_Hubs
A1: Country | B1: City / Hub | D1: Used as source list
A2: Austria | B2: Dornbirn | D2: Country/city inputs driving the yard split.
A3: Austria | B3: Graz
A4: Austria | B4: Innsbruck
A5: Austria | B5: Klagenfurt am Wörthersee
A6: Austria | B6: Linz
A7: Austria | B7: Salzburg
A8: Austria | B8: Sankt Pölten
A9: Austria | B9: Vienna
A10: Belgium | B10: Antwerp
A11: Belgium | B11: Bruges
A12: Belgium | B12: Brussels
A13: Belgium | B13: Ghent
A14: Belgium | B14: Hasselt
... A169: United Kingdom | B169: Wolverhampton
